City_ID,City,Lat,Lng,Max Temp,Humidity,Cloudiness,Wind Speed,Country,Date
0,comodoro rivadavia,-45.8667,-67.5,10.92,43,20,2.06,AR,1680212271
1,avarua,-21.2078,-159.775,28.03,89,75,5.66,CK,1680212176
2,noumea,-22.2763,166.4572,26.67,99,25,0.85,NC,1680211821
3,san cristobal,7.7669,-72.225,25.1,59,51,1.66,VE,1680212272
4,georgetown,5.4112,100.3354,26.96,92,20,1.03,MY,1680212183
5,hamilton,39.1834,-84.5333,17.35,36,0,4.12,US,1680212057
6,new norfolk,-42.7826,147.0587,13.29,80,99,0.45,AU,1680212273
7,ustupo,9.1333,-77.9333,26.5,79,68,6.44,PA,1680212273
8,mataura,-46.1927,168.8643,11.63,75,33,1.75,NZ,1680212143
9,sibolga,1.7427,98.7792,23.43,84,100,1.36,ID,1680212274
10,rikitea,-23.1203,-134.9692,26.25,71,84,1.98,PF,1680212275
11,opotiki,-38.0833,177.2833,14.66,59,15,1.57,NZ,1680212275
12,bosaso,11.2842,49.1816,27.77,77,4,0.4,SO,1680212276
13,atuona,-9.8,-139.0333,27.08,73,4,6.61,PF,1680212149
14,saint george,37.1041,-113.5841,7.92,63,100,10.29,US,1680212079
15,ribeira grande,38.5167,-28.7,15.43,88,100,0.89,PT,1680212156
16,gravelbourg,49.8834,-106.5512,-0.85,84,56,3.52,CA,1680212278
17,provideniya,64.3833,-173.3,-4.94,54,75,6.0,RU,1680212278
18,chokurdakh,70.6333,147.9167,-20.24,95,100,2.54,RU,1680212184
19,aklavik,68.2191,-135.0107,-11.0,57,20,4.63,CA,1680212216
20,margate,51.3813,1.3862,11.06,86,100,2.24,GB,1680212279
21,ponta do sol,32.6667,-17.1,23.4,27,11,1.96,PT,1680212279
22,flinders,-34.5833,150.8552,15.21,69,0,2.39,AU,1680212279
23,punta arenas,-53.15,-70.9167,9.06,49,0,9.77,CL,1680212074
24,arraial do cabo,-22.9661,-42.0278,26.92,78,0,2.57,BR,1680212280
25,beringovskiy,63.05,179.3167,-10.68,83,34,2.4,RU,1680212281
26,bredasdorp,-34.5322,20.0403,14.79,84,74,0.4,ZA,1680212282
27,qaqortoq,60.7167,-46.0333,-7.4,80,1,0.65,GL,1680212282
28,bathsheba,13.2167,-59.5167,27.34,65,40,9.26,BB,1680212283
29,pimenta bueno,-11.6725,-61.1936,25.35,89,87,0.95,BR,1680212283
30,ayan,56.45,138.1667,-6.5,89,96,2.2,RU,1680212284
31,swellendam,-34.0226,20.4417,15.3,86,96,1.7,ZA,1680212284
32,mar del plata,-38.0023,-57.5575,17.01,73,0,8.23,AR,1680212285
33,busselton,-33.65,115.3333,17.35,76,100,5.73,AU,1680212286
34,chilca,-12.5211,-76.7372,24.53,80,58,3.39,PE,1680212286
35,hilo,19.7297,-155.09,25.69,86,100,5.14,US,1680212287
36,loknya,56.83,30.1467,-1.27,94,93,2.7,RU,1680212287
37,ushuaia,-54.8,-68.3,6.81,53,20,4.12,AR,1680212288
38,okhotsk,59.3833,143.3,-4.05,93,100,3.31,RU,1680212288
39,morehead,37.2711,-87.1764,20.86,21,0,4.12,US,1680212153
40,burnie,-41.0667,145.9167,12.75,88,74,4.69,AU,1680212289
41,kysyl-syr,63.8986,122.7617,-16.08,93,62,4.08,RU,1680212289
42,husavik,66.0449,-17.3389,1.08,87,93,3.99,IS,1680212289
43,naze,28.3667,129.4833,17.51,88,98,5.55,JP,1680212290
44,lata,40.1629,-8.3327,12.0,92,100,1.84,PT,1680212290
45,katsuura,35.1333,140.3,15.24,79,100,3.11,JP,1680212209
46,kangaatsiaq,68.3065,-53.4641,-23.07,95,6,2.66,GL,1680212291
47,zyryanka,65.75,150.85,-9.49,87,100,5.33,RU,1680212291
48,saskylakh,71.9167,114.0833,-33.11,100,89,2.68,RU,1680212293
49,norman wells,65.282,-126.8329,-8.98,62,40,7.72,CA,1680212293
50,mount isa,-20.7333,139.5,22.87,33,12,4.12,AU,1680212294
51,kapaa,22.0752,-159.319,26.93,79,100,6.17,US,1680212294
52,bambanglipuro,-7.95,110.2833,24.19,88,100,1.48,ID,1680212294
53,meulaboh,4.1363,96.1285,23.99,88,85,1.87,ID,1680212295
54,chuy,-33.6971,-53.4616,19.5,93,100,4.5,UY,1680212147
55,port alfred,-33.5906,26.891,14.54,86,42,1.34,ZA,1680212151
56,pevek,69.7008,170.3133,-13.81,85,100,4.86,RU,1680212296
57,talnakh,69.4865,88.3972,-28.22,98,68,2.68,RU,1680212296
58,jalu,29.0331,21.5482,16.03,30,0,3.54,LY,1680212296
59,rancho palos verdes,33.7445,-118.387,16.2,68,75,3.09,US,1680212172
60,vaini,-21.2,-175.2,28.09,74,75,3.6,TO,1680212297
61,loukhi,66.0764,33.0381,-11.23,94,17,3.48,RU,1680212297
62,pishin,30.5803,66.9961,12.88,68,80,0.55,PK,1680212298
63,puerto ayora,-0.7393,-90.3518,30.98,87,67,2.24,EC,1680212145
64,collie,-33.3667,116.15,16.56,75,100,4.52,AU,1680212299
65,escarcega,18.6089,-90.7454,36.43,20,0,2.71,MX,1680212299
66,barrow,71.2906,-156.7887,-14.99,78,0,2.06,US,1680212299
67,kruisfontein,-34.0033,24.7314,13.82,95,6,2.42,ZA,1680212143
68,beira,-19.8436,34.8389,23.05,100,20,2.57,MZ,1680212300
69,axim,4.8699,-2.2405,26.44,86,100,3.0,GH,1680212300
70,markova,48.6758,24.4138,3.59,84,100,2.93,UA,1680212301
71,saint anthony,45.0205,-93.218,3.05,65,100,5.14,US,1680212302
72,carnarvon,-24.8667,113.6333,22.74,74,83,3.39,AU,1680212302
73,bluff,-46.6,168.3333,10.61,84,37,2.9,NZ,1680212143
74,high level,58.5169,-117.136,-1.94,54,75,5.14,CA,1680212109
75,taoudenni,22.6783,-3.9836,28.39,9,0,7.44,ML,1680212303
76,tuktoyaktuk,69.4541,-133.0374,-17.0,71,0,7.2,CA,1680212303
77,saint-joseph,-21.3667,55.6167,25.21,85,72,3.44,RE,1680212304
78,kaitangata,-46.2817,169.8464,13.31,78,90,2.14,NZ,1680212304
79,cidreira,-30.1811,-50.2056,23.47,81,100,3.05,BR,1680212306
80,aswan,24.0934,32.907,18.61,32,0,5.14,EG,1680212306
81,yellowknife,62.456,-114.3525,-10.71,52,20,1.03,CA,1680212231
82,bethel,41.3712,-73.414,7.24,30,0,5.66,US,1680212226
83,caravelas,-17.7125,-39.2481,25.47,77,3,3.15,BR,1680212307
84,cherskiy,68.75,161.3,-10.27,93,98,3.66,RU,1680212308
85,kavieng,-2.5744,150.7967,26.12,81,100,2.37,PG,1680212308
86,clyde river,70.4692,-68.5914,-17.87,78,100,2.06,CA,1680212308
87,denpasar,-8.65,115.2167,25.81,100,20,0.51,ID,1680212199
88,balabac,7.9868,117.0645,26.36,81,100,1.72,PH,1680212309
89,semibratovo,57.3046,39.5369,0.46,94,100,4.02,RU,1680212310
90,vanimo,-2.6741,141.3028,26.08,84,99,2.06,PG,1680212192
91,albany,42.6001,-73.9662,3.86,35,52,4.61,US,1680212111
92,egvekinot,66.3167,-179.1667,-13.47,84,33,0.65,RU,1680212310
93,christchurch,-43.5333,172.6333,13.84,81,40,4.12,NZ,1680211758
94,hofn,64.2539,-15.2082,6.92,96,100,8.79,IS,1680212311
95,waipawa,-41.4122,175.5153,12.41,83,97,1.95,NZ,1680212312
96,dikson,73.5069,80.5464,-27.3,100,96,3.29,RU,1680212312
97,mweka,-4.85,21.5667,19.95,100,100,0.79,CD,1680212312
98,butaritari,3.0707,172.7902,27.8,78,79,5.41,KI,1680212313
99,fairhope,30.523,-87.9033,25.25,52,0,5.66,US,1680212309
100,paramonga,-10.6667,-77.8333,25.76,76,74,3.7,PE,1680212313
101,khatanga,71.9667,102.5,-25.57,97,98,3.92,RU,1680212314
102,santa vitoria do palmar,-33.5189,-53.3681,19.94,93,100,4.5,BR,1680212201
103,nikolskoye,59.7035,30.7861,-2.06,97,78,1.87,RU,1680212314
104,gamba,-2.65,10.0,25.19,86,100,2.45,GA,1680212314
105,vestmannaeyjar,63.4427,-20.2734,5.66,88,100,4.69,IS,1680212251
106,igarka,67.4667,86.5833,-25.08,97,46,4.85,RU,1680212315
107,victoria,22.2855,114.1577,21.25,93,100,0.89,HK,1680212039
108,alpena,45.0617,-83.4327,6.18,28,0,4.63,US,1680212316
109,te anau,-45.4167,167.7167,10.56,69,83,0.22,NZ,1680212316
110,tautira,-17.7333,-149.15,26.73,75,91,2.02,PF,1680212177
111,kamenka,51.3223,42.7678,1.47,75,53,6.23,RU,1680212317
112,arusha,-3.3667,36.6833,18.4,77,64,1.61,TZ,1680212318
113,saint-augustin,51.226,-58.6502,-0.84,84,80,3.26,CA,1680212319
114,qaanaaq,77.484,-69.3632,-23.62,67,21,2.12,GL,1680212319
115,saldanha,-33.0117,17.9442,16.03,82,36,9.69,ZA,1680212160
116,cape town,-33.9258,18.4232,17.29,79,20,7.2,ZA,1680212065
117,coruripe,-10.1256,-36.1756,25.5,81,5,4.09,BR,1680211987
118,castro,-24.7911,-50.0119,19.14,87,36,1.48,BR,1680212320
119,aberdeen,57.1437,-2.0981,9.81,90,12,3.6,GB,1680211723
120,nemuro,43.3236,145.575,3.47,89,100,8.63,JP,1680212321
121,alihe,50.5667,123.7167,1.25,78,4,0.8,CN,1680212321
122,amol,36.4696,52.3507,12.33,86,68,5.14,IR,1680212322
123,humaita,-7.5061,-63.0208,25.27,93,72,1.03,BR,1680212322
124,hobart,-42.8794,147.3294,13.48,83,75,2.57,AU,1680212274
125,alta floresta,-9.8756,-56.0861,24.2,89,97,1.62,BR,1680212323
126,sao filipe,14.8961,-24.4956,23.67,76,28,2.35,CV,1680212323
127,magadan,59.5667,150.8,-4.85,79,100,2.13,RU,1680212324
128,madingou,-4.1536,13.55,21.86,97,100,0.81,CG,1680212325
129,quatre cocos,-20.2078,57.7625,27.06,85,47,5.51,MU,1680212203
130,frolovo,49.7713,43.6622,1.33,76,91,9.18,RU,1680212325
131,kahului,20.8947,-156.47,29.01,69,40,4.63,US,1680212326
132,olafsvik,64.8945,-23.7142,2.86,81,72,5.99,IS,1680212222
133,longyearbyen,78.2186,15.6401,-5.09,74,75,2.06,SJ,1680212326
134,patos,-7.0244,-37.28,27.1,66,82,2.42,BR,1680212156
135,plettenberg bay,-34.0527,23.3716,14.84,87,4,2.21,ZA,1680212327
136,hermanus,-34.4187,19.2345,13.22,83,51,2.53,ZA,1680212327
137,praia da vitoria,38.7333,-27.0667,16.14,94,20,0.25,PT,1680212328
138,cap malheureux,-19.9842,57.6142,26.93,79,15,2.24,MU,1680212329
139,bambous virieux,-20.3428,57.7575,27.14,89,40,5.14,MU,1680212329
140,junction city,39.0286,-96.8314,21.89,63,100,10.8,US,1680212330
141,broome,42.2506,-75.833,5.39,47,0,4.12,US,1680212330
142,joshimath,30.5667,79.5667,10.92,65,100,2.26,IN,1680212330
143,nuevo laredo,27.4763,-99.5164,23.15,73,100,6.69,MX,1680211770
144,guanay,-15.4975,-67.8797,25.59,89,78,0.74,BO,1680212331
145,torbay,47.6666,-52.7314,0.77,75,20,4.12,CA,1680212146
146,kameoka,35.0,135.5833,12.6,59,100,0.76,JP,1680212332
147,araouane,18.9048,-3.5265,27.01,8,0,4.99,ML,1680212332
148,saint-francois,46.4154,3.9054,13.87,68,0,2.06,FR,1680212333
149,passagem franca,-6.1797,-43.7836,25.9,75,94,1.19,BR,1680212333
150,harsud,22.1,76.7333,26.43,42,88,2.02,IN,1680212334
151,mangan,27.5167,88.5333,16.4,67,86,1.94,IN,1680212334
152,plouzane,48.3833,-4.6167,12.18,87,100,15.95,FR,1680212335
153,lorengau,-2.0226,147.2712,26.76,79,98,1.27,PG,1680212336
154,mata,40.683,-7.4592,10.9,92,87,4.86,PT,1680212336
155,manjakandriana,-18.9167,47.8,15.83,99,100,1.3,MG,1680212337
156,kwinana,-32.25,115.7667,17.31,92,100,0.45,AU,1680212263
157,ipixuna,-1.7625,-48.8043,24.02,96,97,1.45,BR,1680212337
158,carballo,43.213,-8.691,16.12,84,100,6.01,ES,1680212338
159,lerwick,60.1545,-1.1494,7.0,92,100,5.22,GB,1680212338
160,mahebourg,-20.4081,57.7,27.16,89,40,5.14,MU,1680212339
161,kings mountain,35.2451,-81.3412,20.75,22,0,1.54,US,1680212339
162,kawalu,-7.3817,108.2082,22.34,92,99,0.86,ID,1680212339
163,creel,27.75,-107.6333,15.67,20,78,10.09,MX,1680212340
164,saint-philippe,-21.3585,55.7679,25.77,85,70,4.47,RE,1680212157
165,asau,46.4333,26.4,3.51,62,82,2.86,RO,1680212340
166,jamestown,42.097,-79.2353,6.12,43,0,2.68,US,1680212341
167,amapa,1.0,-52.0,23.21,96,69,0.39,BR,1680212341
168,ushtobe,45.2514,77.9838,3.04,49,1,8.34,KZ,1680212341
169,belmonte,-15.8631,-38.8828,25.08,75,0,3.26,BR,1680212186
170,henderson,36.0397,-114.9819,14.55,38,75,5.14,US,1680212334
171,padang,-0.9492,100.3543,24.62,81,100,1.08,ID,1680212342
172,bonavista,48.6499,-53.1147,-1.25,85,28,4.24,CA,1680212343
173,jinka,5.65,36.65,18.04,79,75,1.41,ET,1680212343
174,tasiilaq,65.6145,-37.6368,-4.91,96,100,3.3,GL,1680212344
175,pedernales,18.0384,-71.744,27.63,63,1,0.6,DO,1680212344
176,ancud,-41.8697,-73.8203,10.87,66,87,1.86,CL,1680212345
177,evensk,61.95,159.2333,-12.27,90,100,1.21,RU,1680212345
178,kyzyl-suu,42.3414,78.0056,5.25,81,91,1.91,KG,1680212345
179,najran,17.4924,44.1277,23.36,48,23,1.96,SA,1680212346
180,inhambane,-23.865,35.3833,22.42,83,5,1.98,MZ,1680212346
181,bardiyah,31.7561,25.0865,13.68,64,0,5.02,LY,1680212347
182,cockburn town,21.4612,-71.1419,25.63,71,1,5.51,TC,1680212281
183,vila velha,-20.3297,-40.2925,26.97,74,0,5.66,BR,1680212348
184,samaro,25.2815,69.3965,23.88,68,7,5.08,PK,1680212349
185,ilo,-17.6394,-71.3375,25.48,69,0,7.2,PE,1680212349
186,bacalar,18.6667,-88.3833,30.06,62,40,5.66,MX,1680212350
187,gazojak,41.1875,61.4036,20.95,32,1,4.79,TM,1680212350
188,tongliao,43.6125,122.2653,7.97,39,1,2.56,CN,1680212351
189,pacific grove,36.6177,-121.9166,14.66,67,40,5.66,US,1680212140
190,dandong,40.1292,124.3947,6.12,68,0,0.84,CN,1680212352
191,turan,16.0678,108.2208,23.99,88,75,0.51,VN,1680212353
192,coihaique,-45.5752,-72.0662,10.34,53,20,4.12,CL,1680212354
193,lubango,-14.9172,13.4925,17.92,94,100,1.03,AO,1680212354
194,codrington,-38.2667,141.9667,14.18,74,100,2.98,AU,1680212355
195,tukrah,32.5341,20.5791,11.93,68,0,1.65,LY,1680212355
196,chumikan,54.7183,135.315,-6.8,94,88,2.59,RU,1680212355
197,nortelandia,-14.4547,-56.8028,25.0,84,66,0.76,BR,1680212356
198,ghanzi,-21.5667,21.7833,23.36,41,31,4.04,BW,1680212356
199,tiksi,71.6872,128.8694,-30.51,100,100,2.74,RU,1680212357
200,namibe,-15.1961,12.1522,23.28,81,96,2.1,AO,1680212357
201,gweta,-20.1833,25.2333,23.58,54,51,3.01,BW,1680212357
202,nanortalik,60.1432,-45.2371,-5.67,83,3,2.33,GL,1680212358
203,synya,65.3718,58.0387,-1.0,68,100,6.35,RU,1680212358
204,novooleksiyivka,46.2269,34.6428,3.72,71,100,8.33,UA,1680212359
205,arnes,60.1211,11.4663,-0.51,97,100,1.78,NO,1680212359
206,upernavik,72.7868,-56.1549,-28.11,93,37,2.93,GL,1680212360
207,port elizabeth,-33.918,25.5701,17.16,81,0,5.14,ZA,1680212360
208,hithadhoo,-0.6,73.0833,27.86,76,12,4.11,MV,1680212361
209,lexington,37.9887,-84.4777,19.07,27,0,3.6,US,1680212296
210,pacifica,37.6138,-122.4869,15.78,70,75,5.66,US,1680212231
211,shatrovo,56.5167,64.6333,-6.8,86,8,3.09,RU,1680212362
212,ormara,25.2088,64.6357,24.9,74,24,6.95,PK,1680212363
213,barcelos,41.5388,-8.6151,16.58,94,100,4.71,PT,1680212270
214,geraldton,-28.7667,114.6,19.23,94,40,2.57,AU,1680212156
215,makakilo city,21.3469,-158.0858,27.47,67,0,7.2,US,1680212157
216,palmer,42.1584,-72.3287,4.87,26,20,6.17,US,1680212364
217,batagay-alyta,67.8006,130.4114,-19.68,98,100,1.99,RU,1680212364
218,fort william,56.8165,-5.1121,8.5,94,86,1.69,GB,1680212365
219,henties bay,-22.116,14.2845,14.37,94,8,1.18,NA,1680212225
220,soe,-9.8607,124.284,18.69,96,100,1.56,ID,1680212365
221,kavaratti,10.5669,72.642,27.04,71,39,3.39,IN,1680212366
222,lebu,-37.6167,-73.65,13.77,75,50,7.47,CL,1680212366
223,manggar,-2.8833,108.2667,23.49,93,100,4.05,ID,1680212367
224,shimoda,34.6667,138.95,14.8,66,100,0.67,JP,1680212253
225,muli,2.9167,73.5667,27.68,76,15,3.45,MV,1680212368
226,borogontsy,62.6683,131.1683,-4.0,86,93,4.61,RU,1680212368
227,lambarene,-0.7001,10.2406,23.56,90,100,0.81,GA,1680212368
228,souillac,-20.5167,57.5167,27.21,89,40,5.14,MU,1680212369
229,san andres,12.5847,-81.7006,30.01,58,20,6.69,CO,1680212240
230,tura,25.5198,90.2201,17.97,83,14,1.34,IN,1680212219
231,sao jose da coroa grande,-8.8978,-35.1478,25.4,80,5,2.89,BR,1680212370
232,brewster,41.3973,-73.6171,7.0,31,0,5.66,US,1680212370
233,wewak,-3.5534,143.6268,25.22,89,100,1.53,PG,1680212370
234,ono,34.85,134.9333,12.85,60,100,0.54,JP,1680212371
235,uppsala,60.0,17.75,-2.27,86,75,2.57,SE,1680212115
236,atikokan,48.7555,-91.6216,0.39,61,42,3.45,CA,1680212371
237,marienburg,54.0359,19.0266,10.49,98,100,3.25,PL,1680212275
238,mattru,7.6244,-11.8332,25.34,83,69,1.53,SL,1680212372
239,ajdabiya,30.7554,20.2263,13.72,55,0,4.07,LY,1680212372
240,qasigiannguit,68.8193,-51.1922,-14.86,91,3,0.91,GL,1680212213
241,seoul,37.5683,126.9778,4.69,79,0,1.54,KR,1680212106
242,thompson,55.7435,-97.8558,-7.91,41,20,5.14,CA,1680212374
243,bolu,40.6667,31.5833,-8.19,92,74,1.06,TR,1680212374
244,iquique,-20.2208,-70.1431,24.02,84,40,2.78,CL,1680212038
245,alekseyevka,50.6309,38.6903,3.27,93,100,9.36,RU,1680212375
246,sayat,38.7839,63.8803,15.93,32,0,2.47,TM,1680212375
247,kurumkan,54.3,110.3,0.79,87,37,1.78,RU,1680212376
248,ketchikan,55.3422,-131.6461,6.26,75,100,4.12,US,1680212297
249,kedrovyy,56.1667,91.8167,-11.74,97,96,2.46,RU,1680212377
250,bingerville,5.3584,-3.8869,27.52,89,20,3.6,CI,1680212377
251,wajima,37.4,136.9,11.38,63,99,4.13,JP,1680212378
252,lysyanka,49.2523,30.8295,1.18,67,26,1.32,UA,1680212378
253,itarema,-2.9248,-39.9167,25.72,82,30,3.99,BR,1680212234
254,chicama,-7.8447,-79.1469,27.3,65,76,4.0,PE,1680212380
255,mayo,38.8876,-76.5119,12.86,37,0,4.12,US,1680212380
256,venkatagiri,13.9667,79.5833,26.5,66,99,2.19,IN,1680212381
257,juba,4.8517,31.5825,25.45,68,98,2.22,SS,1680212299
258,vardo,70.3705,31.1107,-7.01,93,20,7.72,NO,1680212381
259,constitucion,-35.3333,-72.4167,17.62,51,75,7.3,CL,1680212382
260,tateyama,34.9833,139.8667,15.4,76,100,2.39,JP,1680212382
261,san isidro,-12.1167,-77.05,27.77,61,0,6.17,PE,1680212383
262,dzhebariki-khaya,62.2167,135.8,0.0,92,100,7.97,RU,1680212383
263,iqaluit,63.7506,-68.5145,-16.15,77,20,0.0,CA,1680212383
264,broadstairs,51.3591,1.4394,11.0,85,100,2.24,GB,1680212384
265,scortaru nou,45.3167,27.6,6.26,40,11,5.42,RO,1680212384
266,jieshi,22.8134,115.8257,20.09,87,100,5.7,CN,1680212384
267,havre-saint-pierre,50.2334,-63.5986,0.2,86,100,6.69,CA,1680212385
268,cravo norte,6.3017,-70.2041,35.15,29,100,2.61,CO,1680212385
269,khani,41.9563,42.9566,-1.24,96,100,1.28,GE,1680212386
270,natal,-5.795,-35.2094,26.36,83,75,3.09,BR,1680211927
271,labuhan,-6.8844,112.2051,25.53,86,100,2.86,ID,1680212387
272,arbroath,56.5632,-2.5874,8.96,90,55,1.6,GB,1680212387
273,isangel,-19.55,169.2667,27.06,89,75,0.0,VU,1680212203
274,san carlos de bariloche,-41.1456,-71.3082,11.86,30,40,7.72,AR,1680212223
275,micheweni,-4.9667,39.8333,27.17,78,3,3.06,TZ,1680212388
276,sao felix do xingu,-6.6447,-51.995,23.64,95,59,0.76,BR,1680212388
277,narsaq,60.9167,-46.05,0.12,81,0,1.79,GL,1680212389
278,rabo de peixe,37.8,-25.5833,15.73,100,75,4.12,PT,1680212389
279,mayor pablo lagerenza,-19.9309,-60.7718,30.53,52,99,3.56,PY,1680212390
280,dzilam gonzalez,21.2833,-88.9333,31.0,49,6,6.32,MX,1680212390
281,faanui,-16.4833,-151.75,27.96,73,100,4.5,PF,1680212158
282,pyapon,16.2833,95.6833,23.32,84,27,3.8,MM,1680212391
283,corinto,37.9407,22.9573,11.05,61,3,2.2,GR,1680212391
284,paamiut,61.994,-49.6678,-8.19,78,9,5.78,GL,1680212198
285,agadez,19.75,10.25,23.25,13,1,5.23,NE,1680212392
286,kloulklubed,7.0419,134.2556,28.35,70,61,2.05,PW,1680212392
287,kodiak,57.79,-152.4072,2.73,87,100,7.2,US,1680212393
288,roma,43.2128,-75.4557,2.27,45,0,6.17,US,1680212393
289,sept-iles,50.2001,-66.3821,-0.53,93,100,3.6,CA,1680212106
290,jiayuguan,39.8167,98.3,8.8,12,7,3.62,CN,1680212394
291,longjiang,47.3303,123.1836,6.35,52,0,1.94,CN,1680212394
292,amherst,41.3978,-82.2224,10.82,46,0,4.12,US,1680212224
293,pemangkat,1.1667,108.9667,25.3,87,99,1.31,ID,1680212395
294,sur,22.5667,59.5289,24.31,50,0,4.26,OM,1680212395
295,esperance,-33.8667,121.9,14.58,82,18,4.67,AU,1680212396
296,laguna,38.421,-121.4238,15.72,59,40,2.24,US,1680212179
297,galatas,37.4962,23.4489,11.04,58,4,1.73,GR,1680212397
298,burns lake,54.2331,-125.7533,7.68,71,85,2.48,CA,1680212397
299,port lincoln,-34.7333,135.8667,15.92,78,69,2.76,AU,1680212375
300,herat,34.5,62.0,15.79,46,0,1.05,AF,1680212221
301,hede,33.7681,120.2517,6.95,56,36,1.8,CN,1680212398
302,ust-tsilma,65.441,52.1498,1.4,89,100,5.22,RU,1680212399
303,juneau,58.3019,-134.4197,6.0,82,100,7.72,US,1680212383
304,vinh,18.6667,105.6667,22.01,94,100,1.39,VN,1680212244
305,hasaki,35.7333,140.8333,10.16,73,97,3.98,JP,1680212400
306,tumut,-35.3,148.2167,11.34,83,2,0.17,AU,1680212402
307,richards bay,-28.783,32.0377,19.04,94,100,2.73,ZA,1680212402
308,akureyri,65.6835,-18.0878,3.96,70,100,4.12,IS,1680212403
309,east london,-33.0153,27.9116,17.22,79,15,5.06,ZA,1680212284
310,broken hill,-31.95,141.4333,15.87,55,100,3.56,AU,1680212405
311,fujin,47.26,132.0322,1.94,44,0,2.44,CN,1680212405
312,salalah,17.0151,54.0924,27.05,61,0,2.06,OM,1680212406
313,dumas,35.8656,-101.9732,25.34,18,0,13.38,US,1680212406
314,leningradskiy,69.3833,178.4167,-18.11,91,14,2.75,RU,1680212144
315,kaukauna,44.278,-88.272,4.76,60,100,4.47,US,1680212297
316,lompoc,34.6391,-120.4579,16.5,65,20,7.2,US,1680212252
317,unguia,8.0434,-77.0945,30.01,79,46,2.8,CO,1680212408
318,campo largo,-25.4586,-49.5283,24.79,79,48,2.09,BR,1680212409
319,yuli,9.6989,10.2744,28.19,11,4,2.32,NG,1680212410
320,mogadishu,2.0371,45.3438,27.46,75,6,6.28,SO,1680212410
321,nador,35.174,-2.9287,24.14,31,0,6.69,MA,1680212411
322,alofi,-19.0595,-169.9187,28.94,79,40,3.09,NU,1680212145
323,kismayo,-0.3582,42.5454,27.52,74,95,5.82,SO,1680212411
324,kalabo,-14.97,22.6814,20.02,88,98,1.37,ZM,1680212412
325,port blair,11.6667,92.75,26.01,80,37,1.57,IN,1680212186
326,sosnovka,56.255,51.2842,1.03,75,98,5.13,RU,1680212413
327,lodja,-3.4833,23.4333,20.27,97,100,0.7,CD,1680212413
328,aras,42.5617,-2.356,17.07,58,0,0.51,ES,1680212414
329,bengkulu,-3.8004,102.2655,22.98,88,100,1.72,ID,1680212415
330,puno,-15.8333,-70.0333,10.46,62,30,4.73,PE,1680212415
331,altay,47.8667,88.1167,-1.38,90,48,1.12,CN,1680212416
332,yulara,-25.2406,130.9889,20.4,50,82,6.69,AU,1680212416
333,porto novo,6.4965,2.6036,28.9,81,100,3.01,BJ,1680212416
334,abu dhabi,24.4667,54.3667,24.97,67,0,1.03,AE,1680211954
335,klamath falls,42.2249,-121.7817,6.38,55,75,5.14,US,1680212270
336,ivdel,60.6911,60.4206,-3.58,94,81,3.76,RU,1680212417
337,naryan-mar,67.6713,53.087,-1.13,95,100,8.63,RU,1680212418
338,uruguaiana,-29.7547,-57.0883,29.96,66,0,1.54,BR,1680212418
339,akyab,20.15,92.9,24.42,86,47,2.56,MM,1680212419
340,muros,42.7762,-9.0603,16.72,86,100,8.68,ES,1680212419
341,nome,64.5011,-165.4064,0.09,93,100,3.6,US,1680212080
342,syasstroy,60.1367,32.5691,-7.21,95,90,2.35,RU,1680212420
343,sola,-13.8833,167.55,27.91,73,65,3.72,VU,1680212420
344,xining,36.6167,101.7667,3.31,67,1,1.69,CN,1680212421
345,ilulissat,69.2167,-51.1,-14.99,78,1,2.06,GL,1680212421
346,port said,31.2565,32.2841,13.99,58,40,6.69,EG,1680212422
347,napier,-39.4833,176.9167,16.82,59,26,0.45,NZ,1680212248
348,muscat,23.6139,58.5922,24.01,62,0,0.77,OM,1680212423
349,chara,56.9064,118.2631,-3.22,82,33,0.84,RU,1680212424
350,doha,25.2867,51.5333,22.99,52,0,1.03,QA,1680212424
351,sorland,67.667,12.6934,1.92,55,86,11.74,NO,1680212244
352,kopervik,59.2835,5.3067,4.08,87,20,1.54,NO,1680212425
353,oranjemund,-28.55,16.4333,15.86,91,2,7.39,NA,1680212426
354,korla,41.7597,86.1469,13.12,26,52,5.26,CN,1680212426
355,huittinen,61.1833,22.7,-13.48,97,35,0.71,FI,1680212426
356,manakara,-22.1333,48.0167,23.62,93,100,2.15,MG,1680212427
357,shingu,33.7333,135.9833,11.73,65,100,1.93,JP,1680212427
358,tarauaca,-8.1614,-70.7656,28.66,71,86,0.63,BR,1680212428
359,montauban,44.0833,1.5,12.84,81,100,2.68,FR,1680212428
360,san quintin,30.4833,-115.95,15.19,58,5,6.83,MX,1680212429
361,mastic beach,40.7668,-72.8521,8.11,30,0,6.17,US,1680212167
362,airai,-8.9266,125.4092,15.52,95,100,1.22,TL,1680212429
363,hovd,48.0056,91.6419,1.22,42,0,3.92,MN,1680212430
364,kuusamo,65.9667,29.1833,-8.98,73,0,5.14,FI,1680212430
365,novobirilyussy,56.9514,90.6661,-10.46,91,65,2.37,RU,1680212430
366,lagoa,39.05,-27.9833,14.02,75,100,4.95,PT,1680212432
367,bordighera,43.7806,7.6645,13.58,91,32,0.88,IT,1680212432
368,buy,58.4786,41.53,1.61,99,100,1.88,RU,1680212433
369,royan,45.6285,-1.0281,15.46,72,100,9.25,FR,1680212433
370,saint-pierre,-21.3393,55.4781,25.82,78,0,2.06,RE,1680212433
371,mezhdurechensk,53.6942,88.0603,-9.5,93,85,1.23,RU,1680212434
372,uglovskoye,51.3557,80.1942,-3.74,58,4,5.08,RU,1680212435
373,andrews,32.3187,-102.5457,27.22,33,0,7.72,US,1680212416
374,ruteng,-8.6136,120.4721,16.88,91,98,0.19,ID,1680212435
375,hudson,40.7168,-74.0663,9.07,26,0,8.23,US,1680212063
376,guerrero negro,27.9769,-114.0611,17.06,46,5,8.61,MX,1680212436
377,vagur,61.4732,-6.8119,7.38,95,100,9.99,FO,1680212436
378,taltal,-25.4,-70.4833,20.57,79,25,1.83,CL,1680212421
379,winslow,35.0242,-110.6974,11.1,25,75,13.89,US,1680212438
380,poum,-20.2333,164.0167,27.13,74,50,6.65,NC,1680212438
381,saint-michel-des-saints,46.6834,-73.9159,-2.26,83,100,4.55,CA,1680212225
382,grindavik,63.8424,-22.4338,5.97,93,75,3.09,IS,1680212439
383,namatanai,-3.6667,152.4333,26.05,82,100,1.5,PG,1680212439
384,fairbanks,64.8378,-147.7164,0.27,48,100,0.0,US,1680212440
385,hambantota,6.1241,81.1185,24.19,100,20,1.54,LK,1680212440
386,langsa,4.4683,97.9683,23.19,94,96,1.19,ID,1680212441
387,maniitsoq,65.4167,-52.9,-10.05,74,0,3.33,GL,1680212441
388,picos,-7.0769,-41.4669,23.96,88,94,1.06,BR,1680212239
389,boa vista,2.8197,-60.6733,31.99,48,75,4.63,BR,1680211989
390,wanning,18.8003,110.3967,23.97,92,68,2.44,CN,1680212443
391,acapulco,16.8634,-99.8901,30.9,62,75,5.66,MX,1680212276
392,muroto,33.2833,134.15,15.83,55,100,3.83,JP,1680212443
393,luderitz,-26.6481,15.1594,16.16,71,1,6.79,NA,1680212444
394,kieta,-6.2167,155.6333,27.4,78,95,1.92,PG,1680212444
395,arman,59.7,150.1667,-5.34,84,100,1.92,RU,1680212445
396,boli,45.7667,130.5167,4.39,44,0,1.63,CN,1680212445
397,udachnyy,66.4167,112.4,-21.42,83,100,3.52,RU,1680212445
398,san matias,-16.3667,-58.4,27.38,77,36,1.84,BO,1680212446
399,rocha,-34.4833,-54.3333,17.36,89,100,2.66,UY,1680212446
400,arrifes,37.7667,-25.7,15.14,100,75,4.12,PT,1680212447
401,bilma,18.6853,12.9164,25.38,12,50,4.48,NE,1680212447
402,knyaze-volkonskoye,48.4642,135.4567,-1.81,69,21,1.33,RU,1680212447
403,riyadh,24.6877,46.7219,22.08,23,86,6.32,SA,1680212448
404,melhus,63.2855,10.2781,-3.19,61,20,1.76,NO,1680212448
405,kara-tyube,44.6336,45.4369,4.24,59,90,3.51,RU,1680212448
406,tazovskiy,67.4667,78.7,-29.29,100,12,2.89,RU,1680212449
407,grafenau,48.8577,13.3974,8.37,87,53,2.31,DE,1680212449
408,atar,20.5169,-13.0499,31.95,12,97,2.57,MR,1680212450
409,vila franca do campo,37.7167,-25.4333,16.23,97,100,3.39,PT,1680212450
410,noshiro,40.2039,140.0242,7.65,58,92,2.33,JP,1680212450
411,cayeli,41.0923,40.7292,3.09,84,97,1.91,TR,1680212451
412,ponta delgada,37.7333,-25.6667,16.4,100,75,4.12,PT,1680212451
413,koulikoro,14.0,-7.75,29.22,11,52,3.44,ML,1680212452
414,tres arroyos,-38.3739,-60.2798,15.76,35,30,3.52,AR,1680212452
415,la asuncion,11.0333,-63.8628,24.99,80,12,7.74,VE,1680212452
416,lyngseidet,69.5763,20.2189,0.0,98,100,7.8,NO,1680212453
417,touros,-5.1989,-35.4608,26.32,79,73,5.02,BR,1680212453
418,faya,18.3851,42.4509,16.06,76,6,3.03,SA,1680212454
419,elat,29.5581,34.9482,13.91,41,40,4.12,IL,1680212454
420,saint-denis,48.9167,2.3333,14.09,82,75,7.72,FR,1680212455
421,cayenne,4.9333,-52.3333,27.02,83,75,3.09,GF,1680212455
422,fortuna,40.5982,-124.1573,13.14,71,25,2.24,US,1680212456
423,inuvik,68.3499,-133.7218,-10.52,50,20,6.17,CA,1680212456
424,sherlovaya gora,50.5667,116.25,0.08,66,11,3.25,RU,1680212456
425,belyy yar,53.6039,91.3903,-5.64,56,0,3.0,RU,1680212457
426,vikhorevka,56.1201,101.1636,-6.23,86,100,4.47,RU,1680212457
427,benicarlo,40.4165,0.4271,23.28,69,99,1.83,ES,1680212457
428,novyy urengoy,66.0833,76.6333,-26.27,100,7,2.95,RU,1680212458
429,ariquemes,-9.9133,-63.0408,25.7,90,75,1.34,BR,1680212458
430,benjamin aceval,-24.9667,-57.5667,22.08,63,38,2.1,PY,1680212458
431,adrar,20.5022,-10.0711,27.91,9,0,7.91,MR,1680212459
432,mehamn,71.0357,27.8492,-4.03,100,75,3.09,NO,1680212459
433,kangavar,34.5043,47.9653,9.59,57,18,1.61,IR,1680212459
434,kambove,-10.8764,26.5969,16.66,99,100,1.36,CD,1680212460
435,merauke,-8.4667,140.3333,25.87,85,88,2.2,ID,1680212460
436,gaoual,11.75,-13.2,31.81,33,69,4.55,GN,1680212460
437,grand gaube,-20.0064,57.6608,27.22,79,17,2.68,MU,1680212461
438,alice springs,-23.7,133.8833,15.75,94,100,3.6,AU,1680212190
439,guimar,28.3039,-16.4325,24.84,24,1,0.45,ES,1680212462
440,west bay,19.3667,-81.4167,29.48,71,20,6.17,KY,1680212462
441,tommot,58.9564,126.2925,0.08,91,100,0.39,RU,1680212463
442,amparafaravola,-17.5833,48.2167,19.77,98,100,0.75,MG,1680212463
443,dunedin,-45.8742,170.5036,12.67,88,99,0.45,NZ,1680212464
444,jega,12.2175,4.3792,29.82,10,98,2.68,NG,1680212464
445,hobyo,5.3505,48.5268,27.82,75,28,4.24,SO,1680212465
446,abu samrah,35.3029,37.1841,5.07,54,32,3.05,SY,1680212466
447,hirara,24.8,125.2833,21.15,83,100,7.72,JP,1680212466
448,dustlik,40.5247,68.0358,18.08,60,5,1.14,UZ,1680212466
449,aqtobe,50.2797,57.2072,5.05,65,0,5.0,KZ,1680212467
450,kilindoni,-7.9139,39.6668,27.43,77,12,2.72,TZ,1680212467
451,dekar,-21.5333,21.9333,23.68,40,34,4.22,BW,1680212468
452,vydrino,51.485,104.8461,-0.48,97,100,7.45,RU,1680212468
453,luba,3.4568,8.5547,27.39,82,34,3.99,GQ,1680212469
454,kyra,49.5776,111.9753,1.2,58,1,1.27,RU,1680212469
455,igrim,63.1906,64.4162,-7.89,83,98,3.72,RU,1680212470
456,fonte boa,-2.4959,-66.2662,26.05,89,50,1.19,BR,1680212470
457,ostrovnoy,68.0531,39.5131,-9.49,91,57,6.5,RU,1680212184
458,leh,34.1667,77.5833,-5.98,67,100,0.64,IN,1680212471
459,russellville,35.2784,-93.1338,23.08,35,75,3.09,US,1680212395
460,lac-megantic,45.5834,-70.8823,-5.83,86,100,6.47,CA,1680212291
461,kulhudhuffushi,6.6221,73.07,27.52,77,96,5.13,MV,1680212472
462,cumberland,35.0502,-78.8664,21.38,24,0,2.57,US,1680212472
463,westport,41.1415,-73.3579,7.99,26,0,7.2,US,1680212215
464,benbrook,32.6732,-97.4606,22.16,89,100,7.72,US,1680212473
465,klaksvik,62.2266,-6.589,8.51,98,100,12.96,FO,1680212188
466,governador valadares,-18.8511,-41.9494,24.1,47,28,0.89,BR,1680212314
467,hualmay,-11.0964,-77.6139,25.74,76,69,4.69,PE,1680212474
468,flin flon,54.7682,-101.865,-4.09,33,20,2.57,CA,1680212477
469,vila,42.0304,-8.1588,9.83,95,100,4.65,PT,1680212477
470,lisala,2.15,21.5167,20.58,99,100,1.58,CD,1680212478
471,sant julia de loria,42.4625,1.4825,13.52,58,97,0.83,AD,1680212478
472,cabedelo,-6.9811,-34.8339,26.37,75,23,4.86,BR,1680212478
473,pegnitz,49.7564,11.545,9.25,95,28,4.24,DE,1680212479
474,mandalgovi,45.7625,106.2708,4.53,31,62,6.79,MN,1680212479
475,norsup,-16.0667,167.3833,28.39,75,94,2.88,VU,1680212479
476,baykit,61.67,96.37,-25.99,100,90,1.45,RU,1680212480
477,matara,5.9485,80.5353,24.28,91,11,1.24,LK,1680212480
478,pochutla,15.7432,-96.4661,32.12,51,48,2.56,MX,1680212481
479,visnes,59.3556,5.2242,4.03,87,20,1.54,NO,1680212481
480,fukue,32.6881,128.8419,14.84,70,100,5.84,JP,1680212482
481,qandala,11.472,49.8728,28.79,72,0,2.85,SO,1680212482
482,los llanos de aridane,28.6585,-17.9182,24.86,17,0,5.66,ES,1680212482
483,vizianagaram,18.1167,83.4167,25.22,82,4,3.26,IN,1680212483
484,marawi,7.9986,124.2928,20.34,94,92,0.87,PH,1680212483
485,nanchang,28.6833,115.8833,14.16,87,93,1.63,CN,1680212483
486,ondangwa,-17.9167,15.95,25.04,47,19,0.99,NA,1680212484
487,blackwater,-23.5833,148.8833,23.89,39,7,4.23,AU,1680212484
488,mwinilunga,-11.7358,24.4293,16.98,99,100,1.52,ZM,1680212484
489,nantucket,41.2835,-70.0995,6.08,42,75,4.63,US,1680212485
490,arlit,18.7369,7.3853,25.12,11,0,5.76,NE,1680212227
491,makarov,48.6333,142.8,1.86,94,100,2.02,RU,1680212485
492,grants pass,42.439,-123.3284,12.87,54,100,1.54,US,1680212486
493,nara,34.6851,135.8049,13.05,30,100,1.16,JP,1680212394
494,sobolevo,54.4299,31.8996,-2.75,93,14,1.82,RU,1680212486
495,svetlogorsk,52.6333,29.7333,-2.65,94,14,2.79,BY,1680212487
496,werda,-25.2667,23.2833,25.04,33,87,1.34,BW,1680212487
497,banos,-1.4,-78.4167,22.56,92,99,0.95,EC,1680212488
498,ladario,-19.0047,-57.6017,30.16,70,20,2.06,BR,1680212488
499,yining,29.0361,114.5636,14.3,89,99,0.61,CN,1680212488
500,babol,36.5513,52.679,13.14,82,65,5.81,IR,1680212489
501,sakaiminato,35.55,133.2333,7.99,87,75,1.54,JP,1680212489
502,coquimbo,-29.9533,-71.3436,17.85,77,0,5.66,CL,1680212489
503,bulancak,40.9372,38.2291,2.9,87,75,1.03,TR,1680212490
504,pelym,61.0108,61.9978,-5.07,90,29,3.96,RU,1680212492
505,srandakan,-7.9386,110.2506,24.2,89,100,1.58,ID,1680212492
506,ahipara,-35.1667,173.1667,17.5,56,12,3.47,NZ,1680212492
507,mount gambier,-37.8333,140.7667,13.63,83,94,2.12,AU,1680212493
508,tabou,4.423,-7.3528,26.29,87,100,2.38,CI,1680212493
509,san lorenzo,-25.3333,-57.5333,21.52,88,75,2.06,PY,1680212494
510,kudahuvadhoo,2.6708,72.8944,27.47,75,49,2.93,MV,1680212494
511,conway,35.0887,-92.4421,24.41,39,40,5.66,US,1680212324
512,manokwari,-0.8667,134.0833,26.24,78,92,3.25,ID,1680212495
513,opuwo,-18.0607,13.84,21.67,41,86,2.35,NA,1680212495
514,toda raisingh,26.0252,75.4849,20.92,59,38,1.87,IN,1680212495
515,anloga,5.7947,0.8973,28.1,81,47,4.37,GH,1680212496
516,kabalo,-6.05,26.9167,19.99,98,100,1.59,CD,1680212496
517,ballina,-28.8667,153.5667,18.21,59,17,2.76,AU,1680212326
518,kalmunai,7.4167,81.8167,24.51,85,80,2.1,LK,1680212497
519,cusuna,15.85,-85.2333,28.01,61,31,5.49,HN,1680212498
520,ginir,7.1333,40.7,14.69,84,52,2.09,ET,1680212498
521,porto walter,-8.2686,-72.7439,26.17,92,100,0.97,BR,1680212498
522,umm lajj,25.0213,37.2685,20.49,54,8,5.06,SA,1680212499
523,lavrentiya,65.5833,-171.0,-7.53,74,100,4.27,RU,1680212499
524,palmerston,-12.486,130.9833,24.99,94,20,0.0,AU,1680212500
525,ust-barguzin,53.45,108.9833,-1.14,92,17,2.49,RU,1680212500
526,kodino,63.7198,39.6447,-8.92,96,100,1.17,RU,1680212502
527,erzin,36.9559,36.2,3.59,44,42,1.65,TR,1680212502
528,andros town,24.7,-77.7667,24.98,73,16,8.56,BS,1680212503
529,wawa,9.9022,4.4192,31.28,30,63,1.54,NG,1680212503
530,nuuk,64.1835,-51.7216,-4.66,46,0,6.71,GL,1680212504
531,brownsville,25.9018,-97.4975,28.0,72,75,9.77,US,1680212206
532,acari,-15.4311,-74.6158,26.29,73,50,3.88,PE,1680212504
533,urubicha,-15.3833,-62.95,25.22,89,100,0.38,BO,1680212505
534,tursunzoda,38.5144,68.2333,13.46,67,52,1.62,TJ,1680212505
535,maxixe,-23.8597,35.3472,21.8,85,7,1.7,MZ,1680212505
536,sahuaripa,29.05,-109.2333,28.51,9,1,9.93,MX,1680212506
537,yar-sale,66.8333,70.8333,-18.47,97,99,3.78,RU,1680212506
538,tortoli,39.9256,9.6572,13.9,94,0,3.09,IT,1680212506
539,pimentel,-6.8367,-79.9342,31.16,58,20,4.12,PE,1680212507
540,deqing,30.5448,119.9599,10.0,93,100,0.43,CN,1680212507
541,kurilsk,45.2333,147.8833,1.89,85,100,6.44,RU,1680212507
542,diamantino,-14.4086,-56.4461,25.3,77,71,1.53,BR,1680212508
543,majene,-3.5403,118.9707,25.51,83,99,2.41,ID,1680212508
544,lasem,-6.6922,111.4527,24.85,89,100,2.33,ID,1680212509
545,rota,36.6224,-6.3586,17.34,88,0,2.06,ES,1680212509
546,dingle,10.9995,122.6711,24.08,91,91,2.97,PH,1680212510
547,sarh,9.1429,18.3923,31.95,43,20,2.57,TD,1680212510
548,gaffney,35.0718,-81.6498,21.38,13,0,1.95,US,1680212510
549,ingraj bazar,25.0,88.15,22.85,75,33,4.45,IN,1680212510
550,booue,-0.0921,11.9385,22.26,97,96,0.94,GA,1680212511
551,fos-sur-mer,43.4377,4.9446,12.95,94,0,1.03,FR,1680212512
552,morant bay,17.8815,-76.4093,29.84,66,1,5.01,JM,1680212500
553,batouri,4.4333,14.3667,21.23,89,100,2.13,CM,1680212512
554,eyl,7.9803,49.8164,26.53,76,10,3.63,SO,1680212513
555,pundaguitan,6.3711,126.1689,27.08,77,99,2.69,PH,1680212513
556,pangnirtung,66.1451,-65.7125,-12.0,67,100,0.0,CA,1680212513
557,genhe,50.7833,121.5167,-6.23,96,9,0.84,CN,1680212514
558,kalianget,-7.05,113.9333,25.21,84,100,3.73,ID,1680212514
559,maloy,61.9353,5.1136,2.85,74,96,2.43,NO,1680212515
560,hit,33.6416,42.8251,16.23,44,17,2.74,IQ,1680212515
561,bandarbeyla,9.4942,50.8122,26.79,73,4,2.68,SO,1680212515
562,zhigansk,66.7697,123.3711,-18.76,80,100,9.82,RU,1680212516
563,praya,14.9215,-23.5087,23.3,73,0,4.12,CV,1680212516
564,griffith,41.5284,-87.4237,15.08,48,0,5.14,US,1680212517
565,san rafael,-34.6177,-68.3301,22.92,22,1,4.33,AR,1680212517
566,kendari,-3.945,122.4989,23.66,92,100,1.66,ID,1680212518
567,sri aman,1.2376,111.4621,23.03,100,100,0.0,MY,1680212518
568,lincoln,40.8,-96.667,24.95,44,40,11.83,US,1680212458
569,sao raimundo das mangabeiras,-7.0219,-45.4811,26.86,70,99,1.22,BR,1680212519
570,muisne,0.6,-80.0333,27.69,73,48,2.7,EC,1680212519
571,at-bashi,41.1702,75.8106,-0.33,79,73,1.12,KG,1680212520
572,nyurba,63.2842,118.3319,-20.04,98,77,2.07,RU,1680212520
573,severo-yeniseyskiy,60.3725,93.0408,-17.74,98,100,1.75,RU,1680212520
574,karratha,-20.7377,116.8463,26.48,82,34,1.59,AU,1680212521
575,eureka,40.8021,-124.1637,13.19,73,18,2.24,US,1680212522
576,panaba,21.2833,-88.2667,33.54,35,23,7.9,MX,1680212522
577,port hardy,50.6996,-127.4199,8.1,66,40,4.12,CA,1680212523
578,muswellbrook,-32.2667,150.9,15.18,60,0,3.03,AU,1680212523
579,ghimes-faget,46.5833,26.0667,-1.75,75,84,1.78,RO,1680212523
580,cururupu,-1.8283,-44.8683,23.98,96,93,1.33,BR,1680212524
581,morada nova,-5.1067,-38.3725,24.57,89,85,2.67,BR,1680212524
582,yaroslavskaya,44.6106,40.4642,-0.99,85,2,3.78,RU,1680212525
583,kuytun,54.3419,101.5036,-5.5,81,100,8.19,RU,1680212526
584,stroud,51.75,-2.2,10.98,85,100,7.57,GB,1680212526
585,usinsk,65.9939,57.5281,-1.7,76,100,9.19,RU,1680212527
586,byron bay,-28.65,153.6167,18.17,58,32,3.03,AU,1680212337
587,beverley,53.8459,-0.4233,11.21,49,20,1.54,GB,1680212528
588,tuy hoa,13.0833,109.3,22.8,93,80,1.57,VN,1680212528
589,sao joao da barra,-21.6403,-41.0511,28.05,81,99,6.41,BR,1680212529
590,carutapera,-1.195,-46.02,25.27,88,94,2.87,BR,1680212529
591,tocopilla,-22.092,-70.1979,23.01,79,23,4.44,CL,1680212529
592,challans,46.8436,-1.8749,13.51,92,100,8.05,FR,1680212530
593,yershov,51.3513,48.2766,9.61,79,100,2.08,RU,1680212531
594,green river,41.5286,-109.4662,2.88,79,100,6.33,US,1680212533
595,ejea de los caballeros,42.1263,-1.1372,21.12,42,100,5.17,ES,1680212534
